{"logitech_webcam":{"rot":[-0.011797083541750908,-0.00603227224200964,0.9934768676757813,-0.07898088544607162],"trans":[-0.049866095185279846,0.5353932976722717,1.0538533926010132]}}